Method,Clusters,Silhouette,Calinski-Harabasz,Davies-Bouldin,ARI,NMI,Purity
VAE + K-Means,4,0.9352626800537109,12067.7548828125,0.22544445289237175,0.004131649451455119,0.01791939336238512,0.2245674740484429
VAE + Agglomerative,4,0.9352626800537109,12067.7548828125,0.22544445289237178,0.004131649451455119,0.01791939336238512,0.2245674740484429
VAE + DBSCAN,3,0.9346728920936584,15783.158203125,0.2398361616479209,0.004087619533480537,0.016586086082598844,0.22434119278779474
PCA + K-Means (Baseline),4,0.19546319515551483,217.9350162284258,2.123089117591608,0.005366374508413614,0.018274361995076396,0.24878892733564015
